INSERT INTO TEAM (Country_Name, Captain, Manager, Year) VALUES ('Argentina', 1, 'Lionel Scaloni', 2022);
INSERT INTO TEAM (Country_Name, Captain, Manager, Year) VALUES ('France', 2, 'Didier Deschamps', 2022);
INSERT INTO TEAM (Country_Name, Captain, Manager, Year) VALUES ('Croatia', 5, 'Zlatko Dalić', 2022);
INSERT INTO TEAM (Country_Name, Captain, Manager, Year) VALUES ('Morocco', 6, 'Hoalid Regragui', 2022);
INSERT INTO TEAM (Country_Name, Captain, Manager, Year) VALUES ('Portugal', 14, 'Fernando Santos', 2022);
INSERT INTO TEAM (Country_Name, Captain, Manager, Year) VALUES ('England', 15, 'Gareth Southgate', 2022);
INSERT INTO TEAM (Country_Name, Captain, Manager, Year) VALUES ('Brazil', 18, 'Tite', 2022);
INSERT INTO TEAM (Country_Name, Captain, Manager, Year) VALUES ('Netherlands', 21, 'Louis van Gaal', 2022);
INSERT INTO TEAM (Country_Name, Captain, Manager, Year) VALUES ('Spain', 24, 'Luis Enrique', 2022);
INSERT INTO TEAM (Country_Name, Captain, Manager, Year) VALUES ('Switzerland', 25, 'Murat Yakin', 2022);
INSERT INTO TEAM (Country_Name, Captain, Manager, Year) VALUES ('Japan', 30, 'Hajime Moriyasu', 2022);
INSERT INTO TEAM (Country_Name, Captain, Manager, Year) VALUES ('Korea Republic', 33, 'Paulo Bento', 2022);
INSERT INTO TEAM (Country_Name, Captain, Manager, Year) VALUES ('Poland', 38, 'Czesław Michniewicz', 2022);
INSERT INTO TEAM (Country_Name, Captain, Manager, Year) VALUES ('Senegal', 39, 'Aliou Cissé', 2022);
INSERT INTO TEAM (Country_Name, Captain, Manager, Year) VALUES ('USA', 42, 'Gregg Berhalter', 2022);
INSERT INTO TEAM (Country_Name, Captain, Manager, Year) VALUES ('Australia', 47, 'Graham Arnold', 2022);
INSERT INTO TEAM (Country_Name, Captain, Manager, Year) VALUES ('Ghana', 52, 'Otto Addo', 2022);
INSERT INTO TEAM (Country_Name, Captain, Manager, Year) VALUES ('Uruguay', 53, 'Diego Alonso', 2022);
INSERT INTO TEAM (Country_Name, Captain, Manager, Year) VALUES ('Cameroon', 55, 'Rigobert Song', 2022);
INSERT INTO TEAM (Country_Name, Captain, Manager, Year) VALUES ('Serbia', 57, 'Dragan Stojković', 2022);
INSERT INTO TEAM (Country_Name, Captain, Manager, Year) VALUES ('Canada', 63, 'John Herdman', 2022);
INSERT INTO TEAM (Country_Name, Captain, Manager, Year) VALUES ('Belgium', 65, 'Roberto Martínez', 2022);
INSERT INTO TEAM (Country_Name, Captain, Manager, Year) VALUES ('Costa Rica', 66, 'Luis Fernando Suárez', 2022);
INSERT INTO TEAM (Country_Name, Captain, Manager, Year) VALUES ('Germany', 67, 'Hansi Flick', 2022);
INSERT INTO TEAM (Country_Name, Captain, Manager, Year) VALUES ('Denmark', 75, 'Kasper Hjulmand', 2022);
INSERT INTO TEAM (Country_Name, Captain, Manager, Year) VALUES ('Tunisia', 76, 'Jalel Kadri', 2022);
INSERT INTO TEAM (Country_Name, Captain, Manager, Year) VALUES ('Saudi Arabia', 78, 'Hervé Renard', 2022);
INSERT INTO TEAM (Country_Name, Captain, Manager, Year) VALUES ('Mexico', 79, 'Tata Martino', 2022);
INSERT INTO TEAM (Country_Name, Captain, Manager, Year) VALUES ('Ecuador', 83, 'Gustavo Alfaro', 2022);
INSERT INTO TEAM (Country_Name, Captain, Manager, Year) VALUES ('Qatar', 85, 'Félix Sánchez', 2022);
INSERT INTO TEAM (Country_Name, Captain, Manager, Year) VALUES ('IR Iran', 88, 'Carlos Queiroz', 2022);
INSERT INTO TEAM (Country_Name, Captain, Manager, Year) VALUES ('Wales', 90, 'Rob Page', 2022);
INSERT INTO TEAM (Country_Name, Captain, Manager, Year) VALUES ('France', 2, 'Didier Deschamps', 2018);
INSERT INTO TEAM (Country_Name, Captain, Manager, Year) VALUES ('Croatia', 5, 'Zlatko Dalić', 2018);
INSERT INTO TEAM (Country_Name, Captain, Manager, Year) VALUES ('Belgium', 102, 'Roberto Martínez', 2018);
INSERT INTO TEAM (Country_Name, Captain, Manager, Year) VALUES ('England', 15, 'Gareth Southgate', 2018);
INSERT INTO TEAM (Country_Name, Captain, Manager, Year) VALUES ('Sweden', 144, 'Janne Andersson', 2018);
INSERT INTO TEAM (Country_Name, Captain, Manager, Year) VALUES ('Russia', 147, 'Stanislav Cherchesov', 2018);
INSERT INTO TEAM (Country_Name, Captain, Manager, Year) VALUES ('Uruguay', 100, 'Óscar Tabárez', 2018);
INSERT INTO TEAM (Country_Name, Captain, Manager, Year) VALUES ('Brazil', 152, 'Tite', 2018);
INSERT INTO TEAM (Country_Name, Captain, Manager, Year) VALUES ('Switzerland', 154, 'Vladimir Petković', 2018);
INSERT INTO TEAM (Country_Name, Captain, Manager, Year) VALUES ('Colombia', 155, 'José Pekerman', 2018);
INSERT INTO TEAM (Country_Name, Captain, Manager, Year) VALUES ('Mexico', 156, 'Juan Carlos Osorio', 2018);
INSERT INTO TEAM (Country_Name, Captain, Manager, Year) VALUES ('Japan', 158, 'Akira Nishino', 2018);
INSERT INTO TEAM (Country_Name, Captain, Manager, Year) VALUES ('Spain', 164, 'Fernando Hierro', 2018);
INSERT INTO TEAM (Country_Name, Captain, Manager, Year) VALUES ('Denmark', 132, 'Åge Hareide', 2018);
INSERT INTO TEAM (Country_Name, Captain, Manager, Year) VALUES ('Argentina', 1, 'Jorge Sampaoli', 2018);
INSERT INTO TEAM (Country_Name, Captain, Manager, Year) VALUES ('Portugal', 48, 'Fernando Santos', 2018);
INSERT INTO TEAM (Country_Name, Captain, Manager, Year) VALUES ('Poland', 38, 'Adam Nawałka', 2018);
INSERT INTO TEAM (Country_Name, Captain, Manager, Year) VALUES ('Senegal', 172, 'Aliou Cissé', 2018);
INSERT INTO TEAM (Country_Name, Captain, Manager, Year) VALUES ('Panama', 177, 'Hernán Darío Gómez', 2018);
INSERT INTO TEAM (Country_Name, Captain, Manager, Year) VALUES ('Tunisia', 178, 'Nabil Maâloul', 2018);
INSERT INTO TEAM (Country_Name, Captain, Manager, Year) VALUES ('Korea Republic', 33, 'Shin Taeyong', 2018);
INSERT INTO TEAM (Country_Name, Captain, Manager, Year) VALUES ('Germany', 67, 'Joachim Löw', 2018);
INSERT INTO TEAM (Country_Name, Captain, Manager, Year) VALUES ('Costa Rica', 183, 'Oscar Ramírez', 2018);
INSERT INTO TEAM (Country_Name, Captain, Manager, Year) VALUES ('Serbia', 187, 'Mladen Krstajić', 2018);
INSERT INTO TEAM (Country_Name, Captain, Manager, Year) VALUES ('Australia', 189, 'Bert van Marwijk', 2018);
INSERT INTO TEAM (Country_Name, Captain, Manager, Year) VALUES ('Peru', 190, 'Ricardo Gareca', 2018);
INSERT INTO TEAM (Country_Name, Captain, Manager, Year) VALUES ('Iceland', 192, 'Heimir Hallgrímsson', 2018);
INSERT INTO TEAM (Country_Name, Captain, Manager, Year) VALUES ('Nigeria', 194, 'Gernot Rohr', 2018);
INSERT INTO TEAM (Country_Name, Captain, Manager, Year) VALUES ('Saudi Arabia', 196, 'Juan Antonio Pizzi', 2018);
INSERT INTO TEAM (Country_Name, Captain, Manager, Year) VALUES ('Egypt', 197, 'Héctor Cúper', 2018);
INSERT INTO TEAM (Country_Name, Captain, Manager, Year) VALUES ('Morocco', 199, 'Hervé Renard', 2018);
INSERT INTO TEAM (Country_Name, Captain, Manager, Year) VALUES ('IR Iran', 88, 'Carlos Queiroz', 2018);
INSERT INTO TEAM (Country_Name, Captain, Manager, Year) VALUES ('Germany', 460, 'Joachim Löw', 2014);
INSERT INTO TEAM (Country_Name, Captain, Manager, Year) VALUES ('Argentina', 1550, 'Alejandro Sabella', 2014);
INSERT INTO TEAM (Country_Name, Captain, Manager, Year) VALUES ('Brazil', 18, 'Luiz Felipe Scolari', 2014);
INSERT INTO TEAM (Country_Name, Captain, Manager, Year) VALUES ('Netherlands', 295, 'Louis van Gaal', 2014);
INSERT INTO TEAM (Country_Name, Captain, Manager, Year) VALUES ('Belgium', 1551, 'Marc Wilmots', 2014);
INSERT INTO TEAM (Country_Name, Captain, Manager, Year) VALUES ('Costa Rica', 1552, 'Jorge Luis Pinto', 2014);
INSERT INTO TEAM (Country_Name, Captain, Manager, Year) VALUES ('France', 2, 'Didier Deschamps', 2014);
INSERT INTO TEAM (Country_Name, Captain, Manager, Year) VALUES ('Colombia', 1553, 'José Pekerman', 2014);
INSERT INTO TEAM (Country_Name, Captain, Manager, Year) VALUES ('Switzerland', 1554, 'Ottmar Hitzfeld', 2014);
INSERT INTO TEAM (Country_Name, Captain, Manager, Year) VALUES ('USA', 282, 'Jürgen Klinsmann', 2014);
INSERT INTO TEAM (Country_Name, Captain, Manager, Year) VALUES ('Nigeria', 1555, 'Stephen Keshi', 2014);
INSERT INTO TEAM (Country_Name, Captain, Manager, Year) VALUES ('Algeria', , 'Vahid Halilhodžić', 2014);
INSERT INTO TEAM (Country_Name, Captain, Manager, Year) VALUES ('Mexico', , 'Miguel Herrera', 2014);
INSERT INTO TEAM (Country_Name, Captain, Manager, Year) VALUES ('Greece', , '', 2014);
INSERT INTO TEAM (Country_Name, Captain, Manager, Year) VALUES ('Chile', , '', 2014);
INSERT INTO TEAM (Country_Name, Captain, Manager, Year) VALUES ('Uruguay', , 'Óscar Tabárez', 2014);
INSERT INTO TEAM (Country_Name, Captain, Manager, Year) VALUES ('Portugal', , 'Paulo Bento', 2014);
INSERT INTO TEAM (Country_Name, Captain, Manager, Year) VALUES ('Ghana', , 'Kwesi Appiah', 2014);
INSERT INTO TEAM (Country_Name, Captain, Manager, Year) VALUES ('Korea Republic', , 'Hong Myung-bo', 2014);
INSERT INTO TEAM (Country_Name, Captain, Manager, Year) VALUES ('Russia', , 'Fabio Capello', 2014);
INSERT INTO TEAM (Country_Name, Captain, Manager, Year) VALUES ('Bosnia and Herzegovina', , 'Safet Sušić', 2014);
INSERT INTO TEAM (Country_Name, Captain, Manager, Year) VALUES ('IR Iran', , 'Carlos Queiroz', 2014);
INSERT INTO TEAM (Country_Name, Captain, Manager, Year) VALUES ('Honduras', , 'Luis Suárez', 2014);
INSERT INTO TEAM (Country_Name, Captain, Manager, Year) VALUES ('Ecuador', , 'Reinaldo Rueda', 2014);
INSERT INTO TEAM (Country_Name, Captain, Manager, Year) VALUES ('England', , 'Roy Hodgson', 2014);
INSERT INTO TEAM (Country_Name, Captain, Manager, Year) VALUES ('Italy', , 'Cesare Prandelli', 2014);
INSERT INTO TEAM (Country_Name, Captain, Manager, Year) VALUES ('Japan', , 'Alberto Zaccheroni', 2014);
INSERT INTO TEAM (Country_Name, Captain, Manager, Year) VALUES ('Côte dIvoire', , 'Sabri Lamouchi', 2014);
INSERT INTO TEAM (Country_Name, Captain, Manager, Year) VALUES ('Australia', , 'Ange Postecoglou', 2014);
INSERT INTO TEAM (Country_Name, Captain, Manager, Year) VALUES ('Spain', , 'Del Bosque', 2014);
INSERT INTO TEAM (Country_Name, Captain, Manager, Year) VALUES ('Croatia', , 'Niko Kovač', 2014);
INSERT INTO TEAM (Country_Name, Captain, Manager, Year) VALUES ('Cameroon', , 'Volker Finke', 2014);
INSERT INTO TEAM (Country_Name, Captain, Manager, Year) VALUES ('Netherlands', , 'Bert van Marwijk', 2010);
INSERT INTO TEAM (Country_Name, Captain, Manager, Year) VALUES ('Spain', , 'Vicente del Bosque', 2010);
INSERT INTO TEAM (Country_Name, Captain, Manager, Year) VALUES ('Uruguay', , 'Óscar Tabárez', 2010);
INSERT INTO TEAM (Country_Name, Captain, Manager, Year) VALUES ('Germany', , 'Joachim Löw', 2010);
INSERT INTO TEAM (Country_Name, Captain, Manager, Year) VALUES ('Argentina', , 'Diego Maradona', 2010);
INSERT INTO TEAM (Country_Name, Captain, Manager, Year) VALUES ('Paraguay', , 'Gerardo Martino', 2010);
INSERT INTO TEAM (Country_Name, Captain, Manager, Year) VALUES ('Brazil', , 'Dunga', 2010);
INSERT INTO TEAM (Country_Name, Captain, Manager, Year) VALUES ('Ghana', , '', 2010);
INSERT INTO TEAM (Country_Name, Captain, Manager, Year) VALUES ('Japan', , '', 2010);
INSERT INTO TEAM (Country_Name, Captain, Manager, Year) VALUES ('Portugal', , 'Carlos Queiroz', 2010);
INSERT INTO TEAM (Country_Name, Captain, Manager, Year) VALUES ('Slovakia', , 'Vladimír Weiss', 2010);
INSERT INTO TEAM (Country_Name, Captain, Manager, Year) VALUES ('Chile', , 'Marcelo Bielsa', 2010);
INSERT INTO TEAM (Country_Name, Captain, Manager, Year) VALUES ('England', , 'Fabio Capello', 2010);
INSERT INTO TEAM (Country_Name, Captain, Manager, Year) VALUES ('Mexico', , 'Javier Aguirre', 2010);
INSERT INTO TEAM (Country_Name, Captain, Manager, Year) VALUES ('Korea Republic', , 'Huh Jung-moo', 2010);
INSERT INTO TEAM (Country_Name, Captain, Manager, Year) VALUES ('USA', , 'Bob Bradley', 2010);
INSERT INTO TEAM (Country_Name, Captain, Manager, Year) VALUES ('Korea DPR', , 'Kim Jong-hun', 2010);
INSERT INTO TEAM (Country_Name, Captain, Manager, Year) VALUES ('Côte dIvoire', , 'Sven-Göran Eriksson', 2010);
INSERT INTO TEAM (Country_Name, Captain, Manager, Year) VALUES ('Switzerland', , 'Ottmar Hitzfeld', 2010);
INSERT INTO TEAM (Country_Name, Captain, Manager, Year) VALUES ('Honduras', , 'Reinaldo Rueda', 2010);
INSERT INTO TEAM (Country_Name, Captain, Manager, Year) VALUES ('New Zealand', , 'Ricki Herbert', 2010);
INSERT INTO TEAM (Country_Name, Captain, Manager, Year) VALUES ('Italy', , 'Marcello Lippi', 2010);
INSERT INTO TEAM (Country_Name, Captain, Manager, Year) VALUES ('Denmark', , 'Morten Olsen', 2010);
INSERT INTO TEAM (Country_Name, Captain, Manager, Year) VALUES ('Cameroon', , 'Paul Le Guen', 2010);
INSERT INTO TEAM (Country_Name, Captain, Manager, Year) VALUES ('Slovenia', , 'Matjaž Kek', 2010);
INSERT INTO TEAM (Country_Name, Captain, Manager, Year) VALUES ('Algeria', , 'Rabah Saâdane', 2010);
INSERT INTO TEAM (Country_Name, Captain, Manager, Year) VALUES ('Australia', , 'Pim Verbeek', 2010);
INSERT INTO TEAM (Country_Name, Captain, Manager, Year) VALUES ('Serbia', , 'Radomir Antić', 2010);
INSERT INTO TEAM (Country_Name, Captain, Manager, Year) VALUES ('France', , 'Raymond Domenech', 2010);
INSERT INTO TEAM (Country_Name, Captain, Manager, Year) VALUES ('South Africa', , 'Carlos Alberto Parreira', 2010);
INSERT INTO TEAM (Country_Name, Captain, Manager, Year) VALUES ('Nigeria', , 'Lars Lagerbäck', 2010);
INSERT INTO TEAM (Country_Name, Captain, Manager, Year) VALUES ('Greece', , 'Otto Rehhagel', 2010);
INSERT INTO TEAM (Country_Name, Captain, Manager, Year) VALUES ('Italy', , '', 2006);
INSERT INTO TEAM (Country_Name, Captain, Manager, Year) VALUES ('France', , '', 2006);
INSERT INTO TEAM (Country_Name, Captain, Manager, Year) VALUES ('Germany', , 'Jürgen Klinsmann', 2006);
INSERT INTO TEAM (Country_Name, Captain, Manager, Year) VALUES ('Portugal', , 'Luiz Felipe Scolari', 2006);
INSERT INTO TEAM (Country_Name, Captain, Manager, Year) VALUES ('England', , '', 2006);
INSERT INTO TEAM (Country_Name, Captain, Manager, Year) VALUES ('Brazil', , 'Carlos Alberto Parreira', 2006);
INSERT INTO TEAM (Country_Name, Captain, Manager, Year) VALUES ('Argentina', , '', 2006);
INSERT INTO TEAM (Country_Name, Captain, Manager, Year) VALUES ('Ukraine', , 'Oleh Blokhin', 2006);
INSERT INTO TEAM (Country_Name, Captain, Manager, Year) VALUES ('Ghana', , 'Ratomir Dujković', 2006);
INSERT INTO TEAM (Country_Name, Captain, Manager, Year) VALUES ('Spain', , 'Luis Aragonés', 2006);
INSERT INTO TEAM (Country_Name, Captain, Manager, Year) VALUES ('Australia', , 'Guus Hiddink', 2006);
INSERT INTO TEAM (Country_Name, Captain, Manager, Year) VALUES ('Switzerland', , '', 2006);
INSERT INTO TEAM (Country_Name, Captain, Manager, Year) VALUES ('Ecuador', , 'Luis Fernando Suárez', 2006);
INSERT INTO TEAM (Country_Name, Captain, Manager, Year) VALUES ('Netherlands', , 'Marco van Basten', 2006);
INSERT INTO TEAM (Country_Name, Captain, Manager, Year) VALUES ('Sweden', , 'Lars Lagerbäck', 2006);
INSERT INTO TEAM (Country_Name, Captain, Manager, Year) VALUES ('Mexico', , 'Ricardo La Volpe', 2006);
INSERT INTO TEAM (Country_Name, Captain, Manager, Year) VALUES ('Saudi Arabia', , 'Marcos Paquetá', 2006);
INSERT INTO TEAM (Country_Name, Captain, Manager, Year) VALUES ('Tunisia', , 'Roger Lemerre', 2006);
INSERT INTO TEAM (Country_Name, Captain, Manager, Year) VALUES ('Togo', , 'Otto Pfister', 2006);
INSERT INTO TEAM (Country_Name, Captain, Manager, Year) VALUES ('Korea Republic', , 'Dick Advocaat', 2006);
INSERT INTO TEAM (Country_Name, Captain, Manager, Year) VALUES ('USA', , 'Bruce Arena', 2006);
INSERT INTO TEAM (Country_Name, Captain, Manager, Year) VALUES ('Czech Republic', , 'Karel Brückner', 2006);
INSERT INTO TEAM (Country_Name, Captain, Manager, Year) VALUES ('Japan', , 'Zico', 2006);
INSERT INTO TEAM (Country_Name, Captain, Manager, Year) VALUES ('Croatia', , 'Zlatko Kranjčar', 2006);
INSERT INTO TEAM (Country_Name, Captain, Manager, Year) VALUES ('IR Iran', , 'Branko Ivanković', 2006);
INSERT INTO TEAM (Country_Name, Captain, Manager, Year) VALUES ('Angola', , 'Oliveira Gonçalves', 2006);
INSERT INTO TEAM (Country_Name, Captain, Manager, Year) VALUES ('Côte dIvoire', , 'Henri Michel', 2006);
INSERT INTO TEAM (Country_Name, Captain, Manager, Year) VALUES ('Serbia and Montenegro', , 'Ilija Petković', 2006);
INSERT INTO TEAM (Country_Name, Captain, Manager, Year) VALUES ('Costa Rica', , 'Alexandre Guimarães', 2006);
INSERT INTO TEAM (Country_Name, Captain, Manager, Year) VALUES ('Poland', , 'Paweł Janas', 2006);
INSERT INTO TEAM (Country_Name, Captain, Manager, Year) VALUES ('Paraguay', , 'Aníbal Ruiz', 2006);
INSERT INTO TEAM (Country_Name, Captain, Manager, Year) VALUES ('Trinidad and Tobago', , 'Leo Beenhakker', 2006);
INSERT INTO TEAM (Country_Name, Captain, Manager, Year) VALUES ('Germany', , 'Rudi Völler', 2002);
INSERT INTO TEAM (Country_Name, Captain, Manager, Year) VALUES ('Brazil', , 'Luiz Felipe Scolari', 2002);
INSERT INTO TEAM (Country_Name, Captain, Manager, Year) VALUES ('Korea Republic', , 'Guus Hiddink', 2002);
INSERT INTO TEAM (Country_Name, Captain, Manager, Year) VALUES ('Türkiye', , 'Şenol Güneş', 2002);
INSERT INTO TEAM (Country_Name, Captain, Manager, Year) VALUES ('Spain', , '', 2002);
INSERT INTO TEAM (Country_Name, Captain, Manager, Year) VALUES ('Senegal', , 'Bruno Metsu', 2002);
INSERT INTO TEAM (Country_Name, Captain, Manager, Year) VALUES ('England', , 'Sven-Göran Eriksson', 2002);
INSERT INTO TEAM (Country_Name, Captain, Manager, Year) VALUES ('USA', , 'Bruce Arena', 2002);
INSERT INTO TEAM (Country_Name, Captain, Manager, Year) VALUES ('Japan', , 'Philippe Troussier', 2002);
INSERT INTO TEAM (Country_Name, Captain, Manager, Year) VALUES ('Italy', , 'Giovanni Trapattoni', 2002);
INSERT INTO TEAM (Country_Name, Captain, Manager, Year) VALUES ('Mexico', , 'Javier Aguirre', 2002);
INSERT INTO TEAM (Country_Name, Captain, Manager, Year) VALUES ('Belgium', , 'Robert Waseige', 2002);
INSERT INTO TEAM (Country_Name, Captain, Manager, Year) VALUES ('Sweden', , 'Lars Lagerbäck', 2002);
INSERT INTO TEAM (Country_Name, Captain, Manager, Year) VALUES ('Republic of Ireland', , '', 2002);
INSERT INTO TEAM (Country_Name, Captain, Manager, Year) VALUES ('Paraguay', , 'Cesare Maldini', 2002);
INSERT INTO TEAM (Country_Name, Captain, Manager, Year) VALUES ('Denmark', , 'Morten Olsen', 2002);
INSERT INTO TEAM (Country_Name, Captain, Manager, Year) VALUES ('Tunisia', , 'Ammar Souayah', 2002);
INSERT INTO TEAM (Country_Name, Captain, Manager, Year) VALUES ('Russia', , 'Oleg Romantsev', 2002);
INSERT INTO TEAM (Country_Name, Captain, Manager, Year) VALUES ('Portugal', , 'António Luís Alves Ribeiro Oliveira', 2002);
INSERT INTO TEAM (Country_Name, Captain, Manager, Year) VALUES ('Poland', , 'Jerzy Engel', 2002);
INSERT INTO TEAM (Country_Name, Captain, Manager, Year) VALUES ('Costa Rica', , 'Alexandre Guimarães', 2002);
INSERT INTO TEAM (Country_Name, Captain, Manager, Year) VALUES ('China PR', , 'Bora Milutinović', 2002);
INSERT INTO TEAM (Country_Name, Captain, Manager, Year) VALUES ('Ecuador', , 'Hernán Darío Gómez', 2002);
INSERT INTO TEAM (Country_Name, Captain, Manager, Year) VALUES ('Croatia', , 'Mirko Jozić', 2002);
INSERT INTO TEAM (Country_Name, Captain, Manager, Year) VALUES ('Argentina', , 'Marcelo Bielsa', 2002);
INSERT INTO TEAM (Country_Name, Captain, Manager, Year) VALUES ('Nigeria', , 'Festus Onigbinde', 2002);
INSERT INTO TEAM (Country_Name, Captain, Manager, Year) VALUES ('South Africa', , 'Jomo Sono', 2002);
INSERT INTO TEAM (Country_Name, Captain, Manager, Year) VALUES ('Slovenia', , 'Srečko Katanec', 2002);
INSERT INTO TEAM (Country_Name, Captain, Manager, Year) VALUES ('France', , 'Roger Lemerre', 2002);
INSERT INTO TEAM (Country_Name, Captain, Manager, Year) VALUES ('Uruguay', , 'Víctor Púa', 2002);
INSERT INTO TEAM (Country_Name, Captain, Manager, Year) VALUES ('Saudi Arabia', , 'Nasser Al-Johar', 2002);
INSERT INTO TEAM (Country_Name, Captain, Manager, Year) VALUES ('Cameroon', , 'Winfried Schäfer', 2002);
INSERT INTO TEAM (Country_Name, Captain, Manager, Year) VALUES ('Brazil', , 'Mário Zagallo', 1998);
INSERT INTO TEAM (Country_Name, Captain, Manager, Year) VALUES ('France', , 'Aimé Jacquet', 1998);
INSERT INTO TEAM (Country_Name, Captain, Manager, Year) VALUES ('Netherlands', , 'Guus Hiddink', 1998);
INSERT INTO TEAM (Country_Name, Captain, Manager, Year) VALUES ('Croatia', , 'Miroslav Blažević', 1998);
INSERT INTO TEAM (Country_Name, Captain, Manager, Year) VALUES ('Argentina', , 'Daniel Passarella', 1998);
INSERT INTO TEAM (Country_Name, Captain, Manager, Year) VALUES ('Germany', , 'Berti Vogts', 1998);
INSERT INTO TEAM (Country_Name, Captain, Manager, Year) VALUES ('Italy', , '', 1998);
INSERT INTO TEAM (Country_Name, Captain, Manager, Year) VALUES ('Denmark', , 'Bo Johansson', 1998);
INSERT INTO TEAM (Country_Name, Captain, Manager, Year) VALUES ('Romania', , 'Anghel Iordănescu', 1998);
INSERT INTO TEAM (Country_Name, Captain, Manager, Year) VALUES ('England', , '', 1998);
INSERT INTO TEAM (Country_Name, Captain, Manager, Year) VALUES ('Mexico', , 'Manuel Lapuente', 1998);
INSERT INTO TEAM (Country_Name, Captain, Manager, Year) VALUES ('FR Yugoslavia', , 'Slobodan Santrač', 1998);
INSERT INTO TEAM (Country_Name, Captain, Manager, Year) VALUES ('Paraguay', , 'Paulo César Carpegiani', 1998);
INSERT INTO TEAM (Country_Name, Captain, Manager, Year) VALUES ('Nigeria', , 'Bora Milutinović', 1998);
INSERT INTO TEAM (Country_Name, Captain, Manager, Year) VALUES ('Norway', , 'Egil Olsen', 1998);
INSERT INTO TEAM (Country_Name, Captain, Manager, Year) VALUES ('Chile', , 'Nelson Acosta', 1998);
INSERT INTO TEAM (Country_Name, Captain, Manager, Year) VALUES ('Japan', , 'Takeshi Okada', 1998);
INSERT INTO TEAM (Country_Name, Captain, Manager, Year) VALUES ('Jamaica', , 'René Simões', 1998);
INSERT INTO TEAM (Country_Name, Captain, Manager, Year) VALUES ('Tunisia', , 'Ali Selmi', 1998);
INSERT INTO TEAM (Country_Name, Captain, Manager, Year) VALUES ('Colombia', , 'Hernán Darío Gómez', 1998);
INSERT INTO TEAM (Country_Name, Captain, Manager, Year) VALUES ('Belgium', , 'Georges Leekens', 1998);
INSERT INTO TEAM (Country_Name, Captain, Manager, Year) VALUES ('Korea Republic', , 'Kim Pyung-seok', 1998);
INSERT INTO TEAM (Country_Name, Captain, Manager, Year) VALUES ('USA', , 'Steve Sampson', 1998);
INSERT INTO TEAM (Country_Name, Captain, Manager, Year) VALUES ('IR Iran', , 'Jalal Talebi', 1998);
INSERT INTO TEAM (Country_Name, Captain, Manager, Year) VALUES ('South Africa', , 'Philippe Troussier', 1998);
INSERT INTO TEAM (Country_Name, Captain, Manager, Year) VALUES ('Saudi Arabia', , 'Mohammed Al-Kharashy', 1998);
INSERT INTO TEAM (Country_Name, Captain, Manager, Year) VALUES ('Spain', , 'Javier Clemente', 1998);
INSERT INTO TEAM (Country_Name, Captain, Manager, Year) VALUES ('Bulgaria', , 'Hristo Bonev', 1998);
INSERT INTO TEAM (Country_Name, Captain, Manager, Year) VALUES ('Austria', , 'Herbert Prohaska', 1998);
INSERT INTO TEAM (Country_Name, Captain, Manager, Year) VALUES ('Cameroon', , 'Claude Le Roy', 1998);
INSERT INTO TEAM (Country_Name, Captain, Manager, Year) VALUES ('Scotland', , 'Craig Brown', 1998);
INSERT INTO TEAM (Country_Name, Captain, Manager, Year) VALUES ('Morocco', , 'Henri Michel', 1998);
INSERT INTO TEAM (Country_Name, Captain, Manager, Year) VALUES ('Brazil', 619, 'Carlos Alberto Parreira', 1994);
INSERT INTO TEAM (Country_Name, Captain, Manager, Year) VALUES ('Italy', 620, 'Arrigo Sacchi', 1994);
INSERT INTO TEAM (Country_Name, Captain, Manager, Year) VALUES ('Sweden', 621, 'Tommy Svensson', 1994);
INSERT INTO TEAM (Country_Name, Captain, Manager, Year) VALUES ('Bulgaria', 622, 'Dimitar Penev', 1994);
INSERT INTO TEAM (Country_Name, Captain, Manager, Year) VALUES ('Germany', 629, 'Berti Vogts', 1994);
INSERT INTO TEAM (Country_Name, Captain, Manager, Year) VALUES ('Romania', 632, 'Anghel Iordanescu', 1994);
INSERT INTO TEAM (Country_Name, Captain, Manager, Year) VALUES ('Spain', 634, 'Javier Clemente', 1994);
INSERT INTO TEAM (Country_Name, Captain, Manager, Year) VALUES ('Netherlands', 637, 'Dick Advocaat', 1994);
INSERT INTO TEAM (Country_Name, Captain, Manager, Year) VALUES ('Nigeria', 640, 'Clemens Westerhof', 1994);
INSERT INTO TEAM (Country_Name, Captain, Manager, Year) VALUES ('Mexico', 642, 'Miguel Mejia Baron', 1994);
INSERT INTO TEAM (Country_Name, Captain, Manager, Year) VALUES ('Republic of Ireland', 643, 'Jack Charlton', 1994);
INSERT INTO TEAM (Country_Name, Captain, Manager, Year) VALUES ('USA', 645, 'Bora Milutinovic', 1994);
INSERT INTO TEAM (Country_Name, Captain, Manager, Year) VALUES ('Saudi Arabia', 646, 'Jorge Solari', 1994);
INSERT INTO TEAM (Country_Name, Captain, Manager, Year) VALUES ('Argentina', 649, 'Alfio Basile', 1994);
INSERT INTO TEAM (Country_Name, Captain, Manager, Year) VALUES ('Belgium', 652, 'Paul Van Himst', 1994);
INSERT INTO TEAM (Country_Name, Captain, Manager, Year) VALUES ('Switzerland', 655, 'Roy Hodgson', 1994);
INSERT INTO TEAM (Country_Name, Captain, Manager, Year) VALUES ('Greece', 656, 'Alkis Panagoulias', 1994);
INSERT INTO TEAM (Country_Name, Captain, Manager, Year) VALUES ('Morocco', 661, 'Abdellah Blinda', 1994);
INSERT INTO TEAM (Country_Name, Captain, Manager, Year) VALUES ('Norway', 669, 'Egil Olsen', 1994);
INSERT INTO TEAM (Country_Name, Captain, Manager, Year) VALUES ('Russia', 670, 'Pavel Sadyrin', 1994);
INSERT INTO TEAM (Country_Name, Captain, Manager, Year) VALUES ('Cameroon', 671, 'Henri Michel', 1994);
INSERT INTO TEAM (Country_Name, Captain, Manager, Year) VALUES ('Korea Republic', 676, 'Ho Kon Kim', 1994);
INSERT INTO TEAM (Country_Name, Captain, Manager, Year) VALUES ('Bolivia', 679, 'Xavier Azkargorta Uriarte', 1994);
INSERT INTO TEAM (Country_Name, Captain, Manager, Year) VALUES ('Colombia', 683, 'Francisco Maturana', 1994);
INSERT INTO TEAM (Country_Name, Captain, Manager, Year) VALUES ('Germany', 629, 'Franz Beckenbauer', 1990);
INSERT INTO TEAM (Country_Name, Captain, Manager, Year) VALUES ('Argentina', 689, 'Carlos Bilardo', 1990);
INSERT INTO TEAM (Country_Name, Captain, Manager, Year) VALUES ('Italy', 715, 'Azeglio Vicini', 1990);
INSERT INTO TEAM (Country_Name, Captain, Manager, Year) VALUES ('England', 716, 'Bobby Robson', 1990);
INSERT INTO TEAM (Country_Name, Captain, Manager, Year) VALUES ('Czechoslovakia', 722, 'Jozef Venglos', 1990);
INSERT INTO TEAM (Country_Name, Captain, Manager, Year) VALUES ('Cameroon', 671, 'Valeri Nepomnyashchi', 1990);
INSERT INTO TEAM (Country_Name, Captain, Manager, Year) VALUES ('Yugoslavia', 724, 'Ivica Osim', 1990);
INSERT INTO TEAM (Country_Name, Captain, Manager, Year) VALUES ('Republic of Ireland', 725, 'Jack Charlton', 1990);
INSERT INTO TEAM (Country_Name, Captain, Manager, Year) VALUES ('Spain', 726, 'Luis Suarez', 1990);
INSERT INTO TEAM (Country_Name, Captain, Manager, Year) VALUES ('Belgium', 727, 'Guy Thys', 1990);
INSERT INTO TEAM (Country_Name, Captain, Manager, Year) VALUES ('Romania', 729, 'Emerich Jenei', 1990);
INSERT INTO TEAM (Country_Name, Captain, Manager, Year) VALUES ('Uruguay', 730, 'Oscar Tabarez', 1990);
INSERT INTO TEAM (Country_Name, Captain, Manager, Year) VALUES ('Brazil', 732, 'Sebastiao Lazaroni', 1990);
INSERT INTO TEAM (Country_Name, Captain, Manager, Year) VALUES ('Netherlands', 733, 'Leo Beenhakker', 1990);
INSERT INTO TEAM (Country_Name, Captain, Manager, Year) VALUES ('Colombia', 683, 'Francisco Maturana', 1990);
INSERT INTO TEAM (Country_Name, Captain, Manager, Year) VALUES ('Costa Rica', 735, 'Bora Milutinovic', 1990);
INSERT INTO TEAM (Country_Name, Captain, Manager, Year) VALUES ('Korea Republic', 741, 'Hoe Taik Lee', 1990);
INSERT INTO TEAM (Country_Name, Captain, Manager, Year) VALUES ('Egypt', 744, 'Mahmoud El Gohary', 1990);
INSERT INTO TEAM (Country_Name, Captain, Manager, Year) VALUES ('Sweden', 745, 'Olle Nordin', 1990);
INSERT INTO TEAM (Country_Name, Captain, Manager, Year) VALUES ('Scotland', 748, 'Andy Roxburgh', 1990);
INSERT INTO TEAM (Country_Name, Captain, Manager, Year) VALUES ('United Arab Emirates', 751, 'Carlos Alberto Parreira', 1990);
INSERT INTO TEAM (Country_Name, Captain, Manager, Year) VALUES ('Austria', 616, 'Josef Hickersberger', 1990);
INSERT INTO TEAM (Country_Name, Captain, Manager, Year) VALUES ('USA', 755, 'Bob Gansler', 1990);
INSERT INTO TEAM (Country_Name, Captain, Manager, Year) VALUES ('Soviet Union', 761, 'Valeriy Lobanovskyi', 1990);
INSERT INTO TEAM (Country_Name, Captain, Manager, Year) VALUES ('Argentina', 689, 'Carlos Bilardo', 1986);
INSERT INTO TEAM (Country_Name, Captain, Manager, Year) VALUES ('Germany', 791, 'Franz Beckenbauer', 1986);
INSERT INTO TEAM (Country_Name, Captain, Manager, Year) VALUES ('France', 794, 'Henri Michel', 1986);
INSERT INTO TEAM (Country_Name, Captain, Manager, Year) VALUES ('Belgium', 727, 'Guy Thys', 1986);
INSERT INTO TEAM (Country_Name, Captain, Manager, Year) VALUES ('England', 716, 'Bobby Robson', 1986);
INSERT INTO TEAM (Country_Name, Captain, Manager, Year) VALUES ('Spain', 800, 'Miguel Munoz', 1986);
INSERT INTO TEAM (Country_Name, Captain, Manager, Year) VALUES ('Brazil', 802, 'Tele Santana', 1986);
INSERT INTO TEAM (Country_Name, Captain, Manager, Year) VALUES ('Mexico', 803, 'Bora Milutinovic', 1986);
INSERT INTO TEAM (Country_Name, Captain, Manager, Year) VALUES ('Paraguay', 804, 'Cayetano Re', 1986);
INSERT INTO TEAM (Country_Name, Captain, Manager, Year) VALUES ('Denmark', 806, 'Sepp Piontek', 1986);
INSERT INTO TEAM (Country_Name, Captain, Manager, Year) VALUES ('Italy', 807, 'Enzo Bearzot', 1986);
INSERT INTO TEAM (Country_Name, Captain, Manager, Year) VALUES ('Morocco', 809, 'Jose Faria', 1986);
INSERT INTO TEAM (Country_Name, Captain, Manager, Year) VALUES ('Poland', 810, 'Antoni Piechniczek', 1986);
INSERT INTO TEAM (Country_Name, Captain, Manager, Year) VALUES ('Uruguay', 812, 'Omar Borras', 1986);
INSERT INTO TEAM (Country_Name, Captain, Manager, Year) VALUES ('Bulgaria', 813, 'Ivan Vutsov', 1986);
INSERT INTO TEAM (Country_Name, Captain, Manager, Year) VALUES ('Soviet Union', 761, 'Valeriy Lobanovskyi', 1986);
INSERT INTO TEAM (Country_Name, Captain, Manager, Year) VALUES ('Scotland', 818, 'Alex Ferguson', 1986);
INSERT INTO TEAM (Country_Name, Captain, Manager, Year) VALUES ('Algeria', 820, 'Rabah Saadane', 1986);
INSERT INTO TEAM (Country_Name, Captain, Manager, Year) VALUES ('Northern Ireland', 823, 'Billy Bingham', 1986);
INSERT INTO TEAM (Country_Name, Captain, Manager, Year) VALUES ('Iraq', 827, 'Evaristo', 1986);
INSERT INTO TEAM (Country_Name, Captain, Manager, Year) VALUES ('Portugal', 829, 'Jose Torres', 1986);
INSERT INTO TEAM (Country_Name, Captain, Manager, Year) VALUES ('Korea Republic', 833, 'Jung Nam Kim', 1986);
INSERT INTO TEAM (Country_Name, Captain, Manager, Year) VALUES ('Canada', 837, 'Tony Waiters', 1986);
INSERT INTO TEAM (Country_Name, Captain, Manager, Year) VALUES ('Hungary', 838, 'Gyorgy Mezey', 1986);
INSERT INTO TEAM (Country_Name, Captain, Manager, Year) VALUES ('Italy', 872, 'Enzo Bearzot', 1982);
INSERT INTO TEAM (Country_Name, Captain, Manager, Year) VALUES ('Germany', 791, 'Jupp Derwall', 1982);
INSERT INTO TEAM (Country_Name, Captain, Manager, Year) VALUES ('Poland', 876, 'Antoni Piechniczek', 1982);
INSERT INTO TEAM (Country_Name, Captain, Manager, Year) VALUES ('France', 877, 'Michel Hidalgo', 1982);
INSERT INTO TEAM (Country_Name, Captain, Manager, Year) VALUES ('Brazil', 871, 'Tele Santana', 1982);
INSERT INTO TEAM (Country_Name, Captain, Manager, Year) VALUES ('Spain', 887, 'Jose Santamaria', 1982);
INSERT INTO TEAM (Country_Name, Captain, Manager, Year) VALUES ('England', 888, 'Ron Greenwood', 1982);
INSERT INTO TEAM (Country_Name, Captain, Manager, Year) VALUES ('Northern Ireland', Martin O'Neill, 'Billy Bingham', 1982);
INSERT INTO TEAM (Country_Name, Captain, Manager, Year) VALUES ('Soviet Union', 891, 'Konstantin Beskov', 1982);
INSERT INTO TEAM (Country_Name, Captain, Manager, Year) VALUES ('Argentina', 892, 'Cesar Luis Menotti', 1982);
INSERT INTO TEAM (Country_Name, Captain, Manager, Year) VALUES ('Austria', 898, 'Georg Schmidt', 1982);
INSERT INTO TEAM (Country_Name, Captain, Manager, Year) VALUES ('Belgium', 902, 'Guy Thys', 1982);
INSERT INTO TEAM (Country_Name, Captain, Manager, Year) VALUES ('Kuwait', 905, 'Carlos Alberto Parreira', 1982);
INSERT INTO TEAM (Country_Name, Captain, Manager, Year) VALUES ('Czechoslovakia', 906, 'Jozef Venglos', 1982);
INSERT INTO TEAM (Country_Name, Captain, Manager, Year) VALUES ('Algeria', 907, 'Rachid Mekhloufi', 1982);
INSERT INTO TEAM (Country_Name, Captain, Manager, Year) VALUES ('Chile', 908, 'Luis Alberto Santibanez', 1982);
INSERT INTO TEAM (Country_Name, Captain, Manager, Year) VALUES ('Honduras', 912, 'Jose De La Paz', 1982);
INSERT INTO TEAM (Country_Name, Captain, Manager, Year) VALUES ('Yugoslavia', 913, 'Miljan Miljanic', 1982);
INSERT INTO TEAM (Country_Name, Captain, Manager, Year) VALUES ('Cameroon', Thomas N'Kono, 'Jean Vincent', 1982);
INSERT INTO TEAM (Country_Name, Captain, Manager, Year) VALUES ('El Salvador', 917, 'Mauricio Rodriguez', 1982);
INSERT INTO TEAM (Country_Name, Captain, Manager, Year) VALUES ('New Zealand', 918, 'John Adshead', 1982);
INSERT INTO TEAM (Country_Name, Captain, Manager, Year) VALUES ('Peru', 919, 'Tim', 1982);
INSERT INTO TEAM (Country_Name, Captain, Manager, Year) VALUES ('Hungary', 925, 'Kalman Meszoly', 1982);
INSERT INTO TEAM (Country_Name, Captain, Manager, Year) VALUES ('Scotland', 841, 'Jock Stein', 1982);
INSERT INTO TEAM (Country_Name, Captain, Manager, Year) VALUES ('Argentina', 892, 'Cesar Luis Menotti', 1978);
INSERT INTO TEAM (Country_Name, Captain, Manager, Year) VALUES ('Netherlands', 966, 'Ernst Happel', 1978);
INSERT INTO TEAM (Country_Name, Captain, Manager, Year) VALUES ('Brazil', 969, 'Claudio Coutinho', 1978);
INSERT INTO TEAM (Country_Name, Captain, Manager, Year) VALUES ('Italy', 872, 'Enzo Bearzot', 1978);
INSERT INTO TEAM (Country_Name, Captain, Manager, Year) VALUES ('Austria', 975, 'Helmut Senekowitsch', 1978);
INSERT INTO TEAM (Country_Name, Captain, Manager, Year) VALUES ('Germany', 976, 'Helmut Schoen', 1978);
INSERT INTO TEAM (Country_Name, Captain, Manager, Year) VALUES ('Poland', 978, 'Jacek Gmoch', 1978);
INSERT INTO TEAM (Country_Name, Captain, Manager, Year) VALUES ('Peru', 980, 'Marcos Calderon', 1978);
INSERT INTO TEAM (Country_Name, Captain, Manager, Year) VALUES ('Spain', 989, 'Ladislao Kubala', 1978);
INSERT INTO TEAM (Country_Name, Captain, Manager, Year) VALUES ('Sweden', 990, 'Georg Ericson', 1978);
INSERT INTO TEAM (Country_Name, Captain, Manager, Year) VALUES ('IR Iran', 991, 'Heshmat Mohadjerani', 1978);
INSERT INTO TEAM (Country_Name, Captain, Manager, Year) VALUES ('Scotland', 995, 'Alistair Macleod', 1978);
INSERT INTO TEAM (Country_Name, Captain, Manager, Year) VALUES ('France', 877, 'Michel Hidalgo', 1978);
INSERT INTO TEAM (Country_Name, Captain, Manager, Year) VALUES ('Hungary', 997, 'Lajos Baroti', 1978);
INSERT INTO TEAM (Country_Name, Captain, Manager, Year) VALUES ('Mexico', 1001, 'Jose Roca', 1978);
INSERT INTO TEAM (Country_Name, Captain, Manager, Year) VALUES ('Tunisia', 1003, 'Abdelmajid Chetali', 1978);
INSERT INTO TEAM (Country_Name, Captain, Manager, Year) VALUES ('Netherlands', 1021, 'Rinus Michels', 1974);
INSERT INTO TEAM (Country_Name, Captain, Manager, Year) VALUES ('Germany', 1022, 'Helmut Schoen', 1974);
INSERT INTO TEAM (Country_Name, Captain, Manager, Year) VALUES ('Brazil', 1024, 'Mario Zagallo', 1974);
INSERT INTO TEAM (Country_Name, Captain, Manager, Year) VALUES ('Poland', 978, 'Kazimierz Gorski', 1974);
INSERT INTO TEAM (Country_Name, Captain, Manager, Year) VALUES ('Argentina', 1026, 'Vladislao Cap', 1974);
INSERT INTO TEAM (Country_Name, Captain, Manager, Year) VALUES ('Sweden', 990, 'Georg Ericson', 1974);
INSERT INTO TEAM (Country_Name, Captain, Manager, Year) VALUES ('Yugoslavia', 1029, 'Miljan Miljanic', 1974);
INSERT INTO TEAM (Country_Name, Captain, Manager, Year) VALUES ('Bulgaria', 1043, 'Hristo Mladenov', 1974);
INSERT INTO TEAM (Country_Name, Captain, Manager, Year) VALUES ('Italy', 1045, 'Ferruccio Valcareggi', 1974);
INSERT INTO TEAM (Country_Name, Captain, Manager, Year) VALUES ('Uruguay', 1047, 'Roberto Porta', 1974);
INSERT INTO TEAM (Country_Name, Captain, Manager, Year) VALUES ('Haiti', 1048, 'Antoine Tassy', 1974);
INSERT INTO TEAM (Country_Name, Captain, Manager, Year) VALUES ('Scotland', 1052, 'Willie Ormond', 1974);
INSERT INTO TEAM (Country_Name, Captain, Manager, Year) VALUES ('Australia', 1053, 'Rale Rasic', 1974);
INSERT INTO TEAM (Country_Name, Captain, Manager, Year) VALUES ('Chile', 1054, 'Luis Alamos', 1974);
INSERT INTO TEAM (Country_Name, Captain, Manager, Year) VALUES ('Zaire', 1055, 'Blagoje Vidinic', 1974);
INSERT INTO TEAM (Country_Name, Captain, Manager, Year) VALUES ('Brazil', 1074, 'Mario Zagallo', 1970);
INSERT INTO TEAM (Country_Name, Captain, Manager, Year) VALUES ('Italy', 1045, 'Ferruccio Valcareggi', 1970);
INSERT INTO TEAM (Country_Name, Captain, Manager, Year) VALUES ('Germany', 1078, 'Helmut Schoen', 1970);
INSERT INTO TEAM (Country_Name, Captain, Manager, Year) VALUES ('Uruguay', 1079, 'Juan Hohberg', 1970);
INSERT INTO TEAM (Country_Name, Captain, Manager, Year) VALUES ('Peru', 980, 'Didi', 1970);
INSERT INTO TEAM (Country_Name, Captain, Manager, Year) VALUES ('Mexico', 1087, 'Raul Cardenas', 1970);
INSERT INTO TEAM (Country_Name, Captain, Manager, Year) VALUES ('Soviet Union', 1089, 'Gavril Kachalin', 1970);
INSERT INTO TEAM (Country_Name, Captain, Manager, Year) VALUES ('England', 1090, 'Alf Ramsey', 1970);
INSERT INTO TEAM (Country_Name, Captain, Manager, Year) VALUES ('Belgium', 1093, 'Raymond Goethals', 1970);
INSERT INTO TEAM (Country_Name, Captain, Manager, Year) VALUES ('Israel', 1094, 'Emmanuel Sheffer', 1970);
INSERT INTO TEAM (Country_Name, Captain, Manager, Year) VALUES ('Bulgaria', 1095, 'Stefan Bozhkov', 1970);
INSERT INTO TEAM (Country_Name, Captain, Manager, Year) VALUES ('Morocco', 1096, 'Blagoje Vidinic', 1970);
INSERT INTO TEAM (Country_Name, Captain, Manager, Year) VALUES ('Czechoslovakia', 1099, 'Jozef Marko', 1970);
INSERT INTO TEAM (Country_Name, Captain, Manager, Year) VALUES ('Romania', 1100, 'Angelo Niculescu', 1970);
INSERT INTO TEAM (Country_Name, Captain, Manager, Year) VALUES ('Sweden', 990, 'Orvar Bergmark', 1970);
INSERT INTO TEAM (Country_Name, Captain, Manager, Year) VALUES ('El Salvador', 1103, 'Hernan Carrasco', 1970);
INSERT INTO TEAM (Country_Name, Captain, Manager, Year) VALUES ('England', 1090, 'Alf Ramsey', 1966);
INSERT INTO TEAM (Country_Name, Captain, Manager, Year) VALUES ('Germany', 1078, 'Helmut Schoen', 1966);
INSERT INTO TEAM (Country_Name, Captain, Manager, Year) VALUES ('Portugal', 1131, 'Otto Gloria', 1966);
INSERT INTO TEAM (Country_Name, Captain, Manager, Year) VALUES ('Soviet Union', 1132, 'Nikolai Morozov', 1966);
INSERT INTO TEAM (Country_Name, Captain, Manager, Year) VALUES ('Korea DPR', 1137, 'Rye Hyun Myung', 1966);
INSERT INTO TEAM (Country_Name, Captain, Manager, Year) VALUES ('Argentina', 1142, 'Juan Carlos Lorenzo', 1966);
INSERT INTO TEAM (Country_Name, Captain, Manager, Year) VALUES ('Hungary', 1143, 'Lajos Baroti', 1966);
INSERT INTO TEAM (Country_Name, Captain, Manager, Year) VALUES ('Uruguay', 1146, 'Ondino Viera', 1966);
INSERT INTO TEAM (Country_Name, Captain, Manager, Year) VALUES ('France', 1147, 'Henri Guerin', 1966);
INSERT INTO TEAM (Country_Name, Captain, Manager, Year) VALUES ('Bulgaria', 1108, 'Rudolf Vytlacil', 1966);
INSERT INTO TEAM (Country_Name, Captain, Manager, Year) VALUES ('Spain', 1151, 'Jose Villalonga', 1966);
INSERT INTO TEAM (Country_Name, Captain, Manager, Year) VALUES ('Chile', 1154, 'Luis Alamos', 1966);
INSERT INTO TEAM (Country_Name, Captain, Manager, Year) VALUES ('Mexico', 1087, 'Ignacio Trellez', 1966);
INSERT INTO TEAM (Country_Name, Captain, Manager, Year) VALUES ('Switzerland', 1156, 'Alfredo Foni', 1966);
INSERT INTO TEAM (Country_Name, Captain, Manager, Year) VALUES ('Brazil', 1159, 'Vicente Feola', 1966);
INSERT INTO TEAM (Country_Name, Captain, Manager, Year) VALUES ('Italy', 1162, 'Edmondo Fabbri', 1966);
INSERT INTO TEAM (Country_Name, Captain, Manager, Year) VALUES ('Brazil', 1179, 'Aymore Moreira', 1962);
INSERT INTO TEAM (Country_Name, Captain, Manager, Year) VALUES ('Czechoslovakia', 1180, 'Rudolf Vytlacil', 1962);
INSERT INTO TEAM (Country_Name, Captain, Manager, Year) VALUES ('Chile', 1185, 'Fernando Riera', 1962);
INSERT INTO TEAM (Country_Name, Captain, Manager, Year) VALUES ('Yugoslavia', 1186, 'Ljubomir Lovric', 1962);
INSERT INTO TEAM (Country_Name, Captain, Manager, Year) VALUES ('Soviet Union', 1191, 'Gavril Kachalin', 1962);
INSERT INTO TEAM (Country_Name, Captain, Manager, Year) VALUES ('England', 1193, 'Walter Winterbottom', 1962);
INSERT INTO TEAM (Country_Name, Captain, Manager, Year) VALUES ('Hungary', 1195, 'Lajos Baroti', 1962);
INSERT INTO TEAM (Country_Name, Captain, Manager, Year) VALUES ('Germany', 1196, 'Sepp Herberger', 1962);
INSERT INTO TEAM (Country_Name, Captain, Manager, Year) VALUES ('Bulgaria', 1197, 'Georgi Pachedzhiev', 1962);
INSERT INTO TEAM (Country_Name, Captain, Manager, Year) VALUES ('Mexico', 1198, 'Ignacio Trellez', 1962);
INSERT INTO TEAM (Country_Name, Captain, Manager, Year) VALUES ('Italy', 1202, 'Paolo Mazza', 1962);
INSERT INTO TEAM (Country_Name, Captain, Manager, Year) VALUES ('Switzerland', 1203, 'Karl Rappan', 1962);
INSERT INTO TEAM (Country_Name, Captain, Manager, Year) VALUES ('Colombia', 1205, 'Adolfo Pedernera', 1962);
INSERT INTO TEAM (Country_Name, Captain, Manager, Year) VALUES ('Uruguay', 1146, 'Juan Carlos Corazzo', 1962);
INSERT INTO TEAM (Country_Name, Captain, Manager, Year) VALUES ('Argentina', 1210, 'Juan Carlos Lorenzo', 1962);
INSERT INTO TEAM (Country_Name, Captain, Manager, Year) VALUES ('Spain', 1211, 'Helenio Herrera', 1962);
INSERT INTO TEAM (Country_Name, Captain, Manager, Year) VALUES ('Brazil', 1169, 'Vicente Feola', 1958);
INSERT INTO TEAM (Country_Name, Captain, Manager, Year) VALUES ('Sweden', 1234, 'George Raynor', 1958);
INSERT INTO TEAM (Country_Name, Captain, Manager, Year) VALUES ('France', 1236, 'Albert Batteaux', 1958);
INSERT INTO TEAM (Country_Name, Captain, Manager, Year) VALUES ('Germany', 1196, 'Sepp Herberger', 1958);
INSERT INTO TEAM (Country_Name, Captain, Manager, Year) VALUES ('Northern Ireland', 1247, 'Peter Doherty', 1958);
INSERT INTO TEAM (Country_Name, Captain, Manager, Year) VALUES ('Yugoslavia', 1249, 'Aleksandar Tirnanic', 1958);
INSERT INTO TEAM (Country_Name, Captain, Manager, Year) VALUES ('Wales', 1250, 'James Murphy', 1958);
INSERT INTO TEAM (Country_Name, Captain, Manager, Year) VALUES ('Soviet Union', 1251, 'Gavril Kachalin', 1958);
INSERT INTO TEAM (Country_Name, Captain, Manager, Year) VALUES ('Czechoslovakia', 1180, 'Karel Kolsky', 1958);
INSERT INTO TEAM (Country_Name, Captain, Manager, Year) VALUES ('Hungary', 1254, 'Lajos Baroti', 1958);
INSERT INTO TEAM (Country_Name, Captain, Manager, Year) VALUES ('England', 1257, 'Walter Winterbottom', 1958);
INSERT INTO TEAM (Country_Name, Captain, Manager, Year) VALUES ('Paraguay', 1259, 'Aurelio Gonzalez', 1958);
INSERT INTO TEAM (Country_Name, Captain, Manager, Year) VALUES ('Argentina', 1265, 'Guillermo Stabile', 1958);
INSERT INTO TEAM (Country_Name, Captain, Manager, Year) VALUES ('Austria', 1269, 'Josef Argauer', 1958);
INSERT INTO TEAM (Country_Name, Captain, Manager, Year) VALUES ('Mexico', 1198, 'Antonio Lopez', 1958);
INSERT INTO TEAM (Country_Name, Captain, Manager, Year) VALUES ('Scotland', 1276, 'Dawson Walker', 1958);
INSERT INTO TEAM (Country_Name, Captain, Manager, Year) VALUES ('Germany', 1297, 'Sepp Herberger', 1954);
INSERT INTO TEAM (Country_Name, Captain, Manager, Year) VALUES ('Hungary', 1298, 'Gusztav Sebes', 1954);
INSERT INTO TEAM (Country_Name, Captain, Manager, Year) VALUES ('Austria', 1301, 'Walter Nausch', 1954);
INSERT INTO TEAM (Country_Name, Captain, Manager, Year) VALUES ('Uruguay', 1302, 'Juan Lopez', 1954);
INSERT INTO TEAM (Country_Name, Captain, Manager, Year) VALUES ('Yugoslavia', 1307, 'Aleksandar Tirnanic', 1954);
INSERT INTO TEAM (Country_Name, Captain, Manager, Year) VALUES ('Brazil', 1308, 'Zeze Moreira', 1954);
INSERT INTO TEAM (Country_Name, Captain, Manager, Year) VALUES ('England', 1257, 'Walter Winterbottom', 1954);
INSERT INTO TEAM (Country_Name, Captain, Manager, Year) VALUES ('Switzerland', 1316, 'Karl Rappan', 1954);
INSERT INTO TEAM (Country_Name, Captain, Manager, Year) VALUES ('Türkiye', 1320, 'Sandro Puppo', 1954);
INSERT INTO TEAM (Country_Name, Captain, Manager, Year) VALUES ('Italy', 1322, 'Lajos Czeizler', 1954);
INSERT INTO TEAM (Country_Name, Captain, Manager, Year) VALUES ('Korea Republic', 1328, 'Yong Shik Kim', 1954);
INSERT INTO TEAM (Country_Name, Captain, Manager, Year) VALUES ('Belgium', 1332, 'Doug Livingstone', 1954);
INSERT INTO TEAM (Country_Name, Captain, Manager, Year) VALUES ('Scotland', 1339, 'Andy Battie', 1954);
INSERT INTO TEAM (Country_Name, Captain, Manager, Year) VALUES ('Czechoslovakia', 1180, 'Josef Cejp', 1954);
INSERT INTO TEAM (Country_Name, Captain, Manager, Year) VALUES ('France', 1282, 'Pierre Pibarot', 1954);
INSERT INTO TEAM (Country_Name, Captain, Manager, Year) VALUES ('Mexico', 1343, 'Antonio Lopez', 1954);
INSERT INTO TEAM (Country_Name, Captain, Manager, Year) VALUES ('Sweden', 1357, 'George Raynor', 1950);
INSERT INTO TEAM (Country_Name, Captain, Manager, Year) VALUES ('Spain', 1358, 'Guillermo Eizaguirre', 1950);
INSERT INTO TEAM (Country_Name, Captain, Manager, Year) VALUES ('Uruguay', 1310, 'Juan Lopez', 1950);
INSERT INTO TEAM (Country_Name, Captain, Manager, Year) VALUES ('Brazil', 1362, 'Flavio Costa', 1950);
INSERT INTO TEAM (Country_Name, Captain, Manager, Year) VALUES ('Chile', 1373, 'Arturo Bucciardi', 1950);
INSERT INTO TEAM (Country_Name, Captain, Manager, Year) VALUES ('USA', 1374, 'Bill Jeffrey', 1950);
INSERT INTO TEAM (Country_Name, Captain, Manager, Year) VALUES ('Italy', 1380, 'Ferruccio Novo', 1950);
INSERT INTO TEAM (Country_Name, Captain, Manager, Year) VALUES ('Paraguay', 1381, 'Manuel Fleitas Solich', 1950);
INSERT INTO TEAM (Country_Name, Captain, Manager, Year) VALUES ('Bolivia', 1382, 'Mario Pretto', 1950);
INSERT INTO TEAM (Country_Name, Captain, Manager, Year) VALUES ('England', 1257, 'Walter Winterbottom', 1950);
INSERT INTO TEAM (Country_Name, Captain, Manager, Year) VALUES ('Switzerland', 1316, 'Franco Andreoli', 1950);
INSERT INTO TEAM (Country_Name, Captain, Manager, Year) VALUES ('Mexico', 1385, 'Octavio Vial', 1950);
INSERT INTO TEAM (Country_Name, Captain, Manager, Year) VALUES ('Yugoslavia', 1387, 'Milorad Arsenijevic', 1950);
INSERT INTO TEAM (Country_Name, Captain, Manager, Year) VALUES ('Brazil', 1405, 'Ademar Pimenta', 1938);
INSERT INTO TEAM (Country_Name, Captain, Manager, Year) VALUES ('Sweden', 1406, 'Joszef Nagy', 1938);
INSERT INTO TEAM (Country_Name, Captain, Manager, Year) VALUES ('Italy', 1411, 'Vittorio Pozzo', 1938);
INSERT INTO TEAM (Country_Name, Captain, Manager, Year) VALUES ('Hungary', 1412, 'Karoly Dietz', 1938);
INSERT INTO TEAM (Country_Name, Captain, Manager, Year) VALUES ('Czechoslovakia', 1419, 'Vaclav Meissner', 1938);
INSERT INTO TEAM (Country_Name, Captain, Manager, Year) VALUES ('Cuba', 1422, 'Jose Tapia', 1938);
INSERT INTO TEAM (Country_Name, Captain, Manager, Year) VALUES ('Switzerland', 1426, 'Karl Rappan', 1938);
INSERT INTO TEAM (Country_Name, Captain, Manager, Year) VALUES ('France', 1427, 'Gaston Barreau', 1938);
INSERT INTO TEAM (Country_Name, Captain, Manager, Year) VALUES ('Germany', 1430, 'Sepp Herberger', 1938);
INSERT INTO TEAM (Country_Name, Captain, Manager, Year) VALUES ('Romania', 1433, 'Coloman Braun', 1938);
INSERT INTO TEAM (Country_Name, Captain, Manager, Year) VALUES ('Norway', 1435, 'Asbjorn Halvorsen', 1938);
INSERT INTO TEAM (Country_Name, Captain, Manager, Year) VALUES ('Dutch East Indies', 1442, 'Johannes Van Mastenbroek', 1938);
INSERT INTO TEAM (Country_Name, Captain, Manager, Year) VALUES ('Belgium', 1445, 'Jack Butler', 1938);
INSERT INTO TEAM (Country_Name, Captain, Manager, Year) VALUES ('Poland', 1449, 'Jozef Kaluza', 1938);
INSERT INTO TEAM (Country_Name, Captain, Manager, Year) VALUES ('Netherlands', 1451, 'Bob Glendenning', 1938);
INSERT INTO TEAM (Country_Name, Captain, Manager, Year) VALUES ('Italy', 1457, 'Vittorio Pozzo', 1934);
INSERT INTO TEAM (Country_Name, Captain, Manager, Year) VALUES ('Czechoslovakia', 1425, 'Karel Petru', 1934);
INSERT INTO TEAM (Country_Name, Captain, Manager, Year) VALUES ('Germany', 1430, 'Otto Nerz', 1934);
INSERT INTO TEAM (Country_Name, Captain, Manager, Year) VALUES ('Austria', 1461, 'Hugo Meisl', 1934);
INSERT INTO TEAM (Country_Name, Captain, Manager, Year) VALUES ('Spain', 1467, 'Amadeo Garcia', 1934);
INSERT INTO TEAM (Country_Name, Captain, Manager, Year) VALUES ('Hungary', 1468, 'Odon Nadas', 1934);
INSERT INTO TEAM (Country_Name, Captain, Manager, Year) VALUES ('Switzerland', 1429, 'Henry Mueller', 1934);
INSERT INTO TEAM (Country_Name, Captain, Manager, Year) VALUES ('Sweden', 1477, 'Joszef Nagy', 1934);
INSERT INTO TEAM (Country_Name, Captain, Manager, Year) VALUES ('Romania', 1480, 'Constantin Radulescu', 1934);
INSERT INTO TEAM (Country_Name, Captain, Manager, Year) VALUES ('Egypt', 1481, 'James Mcrea', 1934);
INSERT INTO TEAM (Country_Name, Captain, Manager, Year) VALUES ('France', 1485, 'George Kimpton', 1934);
INSERT INTO TEAM (Country_Name, Captain, Manager, Year) VALUES ('Netherlands', 1451, 'Bob Glendenning', 1934);
INSERT INTO TEAM (Country_Name, Captain, Manager, Year) VALUES ('Argentina', 1491, 'Felipe Pascucci', 1934);
INSERT INTO TEAM (Country_Name, Captain, Manager, Year) VALUES ('Brazil', 1418, 'Luiz Vinhaes', 1934);
INSERT INTO TEAM (Country_Name, Captain, Manager, Year) VALUES ('Belgium', 1497, 'Hector Goetinck', 1934);
INSERT INTO TEAM (Country_Name, Captain, Manager, Year) VALUES ('USA', 1502, 'David Gould', 1934);
INSERT INTO TEAM (Country_Name, Captain, Manager, Year) VALUES ('Uruguay', 1504, 'Alberto Suppici', 1930);
INSERT INTO TEAM (Country_Name, Captain, Manager, Year) VALUES ('Argentina', 1505, 'Francisco Olazar', 1930);
INSERT INTO TEAM (Country_Name, Captain, Manager, Year) VALUES ('Yugoslavia', 1512, 'Bosko Simonovic', 1930);
INSERT INTO TEAM (Country_Name, Captain, Manager, Year) VALUES ('USA', 1515, 'Bob Millar', 1930);
INSERT INTO TEAM (Country_Name, Captain, Manager, Year) VALUES ('Chile', 1519, 'Gyorgy Orth', 1930);
INSERT INTO TEAM (Country_Name, Captain, Manager, Year) VALUES ('Romania', 1480, 'Octav Luchide', 1930);
INSERT INTO TEAM (Country_Name, Captain, Manager, Year) VALUES ('Brazil', 1522, 'Pindaro De Carvalho', 1930);
INSERT INTO TEAM (Country_Name, Captain, Manager, Year) VALUES ('Bolivia', 1523, 'Ulises Saucedo', 1930);
INSERT INTO TEAM (Country_Name, Captain, Manager, Year) VALUES ('Paraguay', 1525, 'Jose Durand Laguna', 1930);
INSERT INTO TEAM (Country_Name, Captain, Manager, Year) VALUES ('Belgium', 1526, 'Hector Goetinck', 1930);
INSERT INTO TEAM (Country_Name, Captain, Manager, Year) VALUES ('France', 1528, 'Raoul Caudron', 1930);
INSERT INTO TEAM (Country_Name, Captain, Manager, Year) VALUES ('Mexico', 1530, 'Juan Luque', 1930);
INSERT INTO TEAM (Country_Name, Captain, Manager, Year) VALUES ('Peru', 1535, 'Francisco Bru', 1930);